[
  {
    "numInventari": 1,
    "collceccio": "Yago",
    "name": "Yagueras",
    "any": 2004,
    "llocFabricacio": "Espanya",
    "procedencia": "Barcelona",
    "fontEnergia": "Comida",
    "cicle": 2,
    "cilindrada": 4.0,
    "potencia": "23 HP",
    "potenciaVal": 23.0,
    "potenciaType": "HP",
    "velocitatMaxima": 24,
    "capacitatDiposit": 1,
    "autonomia": 12.0,
    "formaIngres": "Cessió",
    "fontIngres": "Itziar i Jorge",
    "multimedia": [],
    "descripcio": "Estudiant de CEP de segon any que cursa 2 de DAM"
  },
  {
    "numInventari": 3,
    "collceccio": "Pol",
    "name": "asunian12",
    "any": 2004,
    "llocFabricacio": "Barcelona",
    "procedencia": "España",
    "fontEnergia": "Arroz y pollo",
    "cicle": 2,
    "cilindrada": 4.0,
    "potencia": "4 HP",
    "potenciaVal": 4.0,
    "potenciaType": "HP",
    "velocitatMaxima": 33,
    "capacitatDiposit": 2,
    "autonomia": 2.0,
    "formaIngres": "Compra",
    "fontIngres": "Susana",
    "multimedia": [],
    "descripcio": "Hace deporte poco más"
  },
  {
    "numInventari": 4,
    "collceccio": "Enric",
    "name": "asunian12",
    "any": 2004,
    "llocFabricacio": "Barcelona",
    "procedencia": "España",
    "fontEnergia": "Arroz y pollo",
    "cicle": 2,
    "cilindrada": 4.0,
    "potencia": "4 HP",
    "potenciaVal": 4.0,
    "potenciaType": "HP",
    "velocitatMaxima": 33,
    "capacitatDiposit": 2,
    "autonomia": 2.0,
    "formaIngres": "Compra",
    "fontIngres": "Susana",
    "multimedia": [],
    "descripcio": "Hace deporte poco más"
  },
  {
    "numInventari": 5,
    "collceccio": "Younes",
    "name": "Younes",
    "any": 2000,
    "llocFabricacio": "Barcelona",
    "procedencia": "España",
    "fontEnergia": "Arroz y pollo",
    "cicle": 2,
    "cilindrada": 4.0,
    "potencia": "4 HP",
    "potenciaVal": 4.0,
    "potenciaType": "HP",
    "velocitatMaxima": 33,
    "capacitatDiposit": 2,
    "autonomia": 2.0,
    "formaIngres": "Compra",
    "fontIngres": "Susana",
    "multimedia": [],
    "descripcio": "Hace deporte poco más"
  },
  {
    "numInventari": 2,
    "collceccio": "Marc",
    "name": "Marc",
    "any": 2004,
    "llocFabricacio": "Barcelona",
    "procedencia": "España",
    "fontEnergia": "Arroz y pollo",
    "cicle": 2,
    "cilindrada": 4.0,
    "potencia": "4 HP",
    "potenciaVal": 4.0,
    "potenciaType": "HP",
    "velocitatMaxima": 33,
    "capacitatDiposit": 2,
    "autonomia": 2.0,
    "formaIngres": "Compra",
    "fontIngres": "Susana",
    "multimedia": [],
    "descripcio": "Hace deporte poco más"
  }
]